{
  "Baseline": {
    "abs_rel": 0.5091283466997902,
    "rmse": 0.047520094055855916,
    "d<1.25": 50.98166620094945,
    "d<1.56": 71.36149048062404,
    "d<1.95": 82.53514812319824,
    "valid_pixels": 12937035,
    "time_s": 35.6
  },
  "DA2-Small": {
    "abs_rel": 0.28935668463207465,
    "rmse": 0.027311731072669838,
    "d<1.25": 79.77836498084761,
    "d<1.56": 90.82667705544586,
    "d<1.95": 94.33749696124345,
    "valid_pixels": 12937035,
    "time_s": 13.9
  },
  "DA2-Base": {
    "abs_rel": 0.2731586338758476,
    "rmse": 0.026298843366871202,
    "d<1.25": 82.17053598448176,
    "d<1.56": 91.77493915723348,
    "d<1.95": 94.70297483155916,
    "valid_pixels": 12937035,
    "time_s": 36.9
  },
  "DA2-Large": {
    "abs_rel": 0.2676497197672002,
    "rmse": 0.02629637519752188,
    "d<1.25": 83.28835007403164,
    "d<1.56": 92.47871710944587,
    "d<1.95": 95.23724717448782,
    "valid_pixels": 12937035,
    "time_s": 109.6
  },
  "Marigold": {
    "abs_rel": 0.6369234009010597,
    "rmse": 0.053505787474115406,
    "d<1.25": 32.30400165107384,
    "d<1.56": 59.664111598986935,
    "d<1.95": 74.45757857190615,
    "valid_pixels": 12937035,
    "time_s": 301.7
  },
  "DA2-Small (tuned)": {
    "abs_rel": 0.144734439017387,
    "rmse": 0.01921231223709679,
    "d<1.25": 86.02932588494969,
    "d<1.56": 94.50726538190551,
    "d<1.95": 97.16709431488745,
    "valid_pixels": 12937035,
    "time_s": 15.4
  }
}